site_catid,air_monitor,start_date,year,month,ozone_8hr_ppb,pm25_avg,weekday,monitor_lat,monitor_long,sfc_wx_station,upper_air_station,temp_f_max,temp_f_avg,winddir_mode,windspd_mph_med,wind_calm,precip_in_sum,rh_avg,dewpoint_f_avg,cloud_cover_avg,overcast_height_min
27-017-7416,Fond Du Lac,2013-04-01,2013,4,49,NaN,1,46.70527,-92.52377,COQ,KINL,32.17,23.49875,NW,12.405000000000001,0,0,45.75,4.835833333333333,0.13,4300
27-017-7416,Fond Du Lac,2013-04-01,2013,4,49,NaN,1,46.70527,-92.52377,COQ,KINL,32.15,23.467916666666667,NW,12.465,0,0,45.583333333333336,4.74375,0.13,4300
27-017-7416,Fond Du Lac,2013-04-02,2013,4,50,NaN,2,46.70527,-92.52377,COQ,KINL,34.32,25.321666666666665,NW,7.7,0.07142857142857142,0,44.958333333333336,4.849166666666666,0.01,4e4
27-017-7416,Fond Du Lac,2013-04-02,2013,4,50,NaN,2,46.70527,-92.52377,COQ,KINL,34.29,25.2925,NW,7.735,0.07142857142857142,0,44.708333333333336,4.735,0.01,4e4
27-017-7416,Fond Du Lac,2013-04-03,2013,4,56,NaN,3,46.70527,-92.52377,COQ,KINL,41.23,28.609583333333333,S,10.095,0.07142857142857142,0,46.708333333333336,9.318333333333333,0.1,7e3
27-017-7416,Fond Du Lac,2013-04-03,2013,4,56,NaN,3,46.70527,-92.52377,COQ,KINL,41.21,28.592916666666667,S,10.125,0.07142857142857142,0,46.416666666666664,9.17,0.1,7e3
27-017-7416,Fond Du Lac,2013-04-04,2013,4,50,NaN,4,46.70527,-92.52377,COQ,KINL,41.37,37.09583333333333,NW,9.895,0,0,52.5,20.0475,0.19,2700
27-017-7416,Fond Du Lac,2013-04-04,2013,4,50,NaN,4,46.70527,-92.52377,COQ,KINL,41.34,37.0775,NW,9.955,0,0,52.291666666666664,19.957083333333333,0.19,2700
27-017-7416,Fond Du Lac,2013-04-05,2013,4,46,NaN,5,46.70527,-92.52377,COQ,KINL,35.83,28.773333333333333,E,6.15,0.14285714285714285,0,55.208333333333336,14.269583333333333,0.32,900
27-017-7416,Fond Du Lac,2013-04-05,2013,4,46,NaN,5,46.70527,-92.52377,COQ,KINL,35.83,28.731666666666666,E,6.175,0.14285714285714285,0,55.208333333333336,14.207083333333333,0.32,900
27-017-7416,Fond Du Lac,2013-04-06,2013,4,42,NaN,6,46.70527,-92.52377,COQ,KINL,33.92,32.002916666666664,E,8.325,0.35714285714285715,0.2376,87.25,28.64375,0.99,400
27-017-7416,Fond Du Lac,2013-04-06,2013,4,42,NaN,6,46.70527,-92.52377,COQ,KINL,33.93,31.977083333333333,E,8.31,0.35714285714285715,0.2395,87.25,28.625833333333333,0.99,400
27-017-7416,Fond Du Lac,2013-04-07,2013,4,41,NaN,0,46.70527,-92.52377,COQ,KINL,36.34,34.513333333333335,Calm,3.56,0.8571428571428571,0.001,78.83333333333333,28.600416666666668,0.99,700
27-017-7416,Fond Du Lac,2013-04-07,2013,4,41,NaN,0,46.70527,-92.52377,COQ,KINL,36.3,34.49666666666667,Calm,3.55,0.8571428571428571,9e-4,78.83333333333333,28.585,0.99,700
27-017-7416,Fond Du Lac,2013-04-08,2013,4,37,NaN,1,46.70527,-92.52377,COQ,KINL,37,34.806666666666665,Calm,4.855,0.5,0.1029,85.95833333333333,30.985,0.96,200
27-017-7416,Fond Du Lac,2013-04-08,2013,4,37,NaN,1,46.70527,-92.52377,COQ,KINL,36.99,34.80625,Calm,4.88,0.5,0.1018,85.875,30.975416666666668,0.96,200
27-017-7416,Fond Du Lac,2013-04-09,2013,4,40,NaN,2,46.70527,-92.52377,COQ,KINL,38.92,33.82125,N,8.760000000000002,0,0,62.916666666666664,22.174583333333334,0.37,3300
27-017-7416,Fond Du Lac,2013-04-09,2013,4,40,NaN,2,46.70527,-92.52377,COQ,KINL,38.92,33.812083333333334,N,8.780000000000001,0,0,62.708333333333336,22.12625,0.37,3300
27-017-7416,Fond Du Lac,2013-04-10,2013,4,42,NaN,3,46.70527,-92.52377,COQ,KINL,36.9,33.120416666666664,NE,12.335,0,0,45.833333333333336,13.432083333333333,0.27,1e4
27-017-7416,Fond Du Lac,2013-04-10,2013,4,42,NaN,3,46.70527,-92.52377,COQ,KINL,36.91,33.10208333333333,NE,12.355,0,0,45.708333333333336,13.272083333333333,0.26,1e4
27-017-7416,Fond Du Lac,2013-04-11,2013,4,43,NaN,4,46.70527,-92.52377,COQ,KINL,30.8,28.929166666666667,E,22.175,0,0.0371,77.04166666666667,22.503333333333334,0.96,100
27-017-7416,Fond Du Lac,2013-04-11,2013,4,43,NaN,4,46.70527,-92.52377,COQ,KINL,30.73,28.879166666666666,E,22.23,0,0.0349,77.16666666666667,22.4975,0.96,100
27-017-7416,Fond Du Lac,2013-04-12,2013,4,35,NaN,5,46.70527,-92.52377,COQ,KINL,30.1,27.9725,NE,13.665,0,0.0322,82.04166666666667,23.14666666666667,1,400
27-017-7416,Fond Du Lac,2013-04-12,2013,4,35,NaN,5,46.70527,-92.52377,COQ,KINL,30.09,27.94125,NE,13.67,0,0.03,82.04166666666667,23.125,1,400
27-017-7416,Fond Du Lac,2013-04-13,2013,4,39,NaN,6,46.70527,-92.52377,COQ,KINL,34.08,27.18625,Calm,3.69,0.6428571428571429,8e-4,70.79166666666667,18.526666666666667,0.83,1200
27-017-7416,Fond Du Lac,2013-04-13,2013,4,39,NaN,6,46.70527,-92.52377,COQ,KINL,34.07,27.1575,Calm,3.7249999999999996,0.6428571428571429,0,70.79166666666667,18.484583333333333,0.84,1200
27-017-7416,Fond Du Lac,2013-04-14,2013,4,43,NaN,0,46.70527,-92.52377,COQ,KINL,36.07,27.18125,E,14.559999999999999,0.07142857142857142,0.066,75.875,20.082083333333333,0.45,600
27-017-7416,Fond Du Lac,2013-04-14,2013,4,43,NaN,0,46.70527,-92.52377,COQ,KINL,36.06,27.155,E,14.61,0.07142857142857142,0.0636,75.875,20.02625,0.45,600
27-017-7416,Fond Du Lac,2013-04-15,2013,4,40,NaN,1,46.70527,-92.52377,COQ,KINL,36.23,33.544583333333335,SW,9.625,0.07142857142857142,0.009,82.20833333333333,28.66125,0.99,100
27-017-7416,Fond Du Lac,2013-04-15,2013,4,40,NaN,1,46.70527,-92.52377,COQ,KINL,36.21,33.51833333333333,SW,9.57,0.07142857142857142,0.0067,82.20833333333333,28.640416666666667,0.99,100
27-017-7416,Fond Du Lac,2013-04-16,2013,4,39,NaN,2,46.70527,-92.52377,COQ,KINL,39.34,36.12625,W,7.71,0.2857142857142857,0,62.791666666666664,23.891666666666666,0.92,1e3
27-017-7416,Fond Du Lac,2013-04-16,2013,4,39,NaN,2,46.70527,-92.52377,COQ,KINL,39.31,36.12375,W,7.74,0.2857142857142857,0,62.666666666666664,23.815833333333334,0.92,1e3
27-017-7416,Fond Du Lac,2013-04-17,2013,4,38,NaN,3,46.70527,-92.52377,COQ,KINL,35.47,32.58208333333334,E,8.78,0,0.0285,78.625,26.55,0.84,800
27-017-7416,Fond Du Lac,2013-04-17,2013,4,38,NaN,3,46.70527,-92.52377,COQ,KINL,35.53,32.56583333333333,E,8.795000000000002,0,0.0288,78.58333333333333,26.526666666666667,0.84,800
27-017-7416,Fond Du Lac,2013-04-18,2013,4,39,NaN,4,46.70527,-92.52377,COQ,KINL,33.91,30.521666666666665,N,9.295,0,0.1402,88.33333333333333,27.417083333333334,0.99,200
27-017-7416,Fond Du Lac,2013-04-18,2013,4,39,NaN,4,46.70527,-92.52377,COQ,KINL,33.93,30.490416666666665,N,9.265,0,0.1368,88.41666666666667,27.39,0.99,200
27-017-7416,Fond Du Lac,2013-04-19,2013,4,47,NaN,5,46.70527,-92.52377,COQ,KINL,32.24,28.29083333333333,N,19.095,0,0.0242,65.91666666666667,17.448333333333334,0.75,200
27-017-7416,Fond Du Lac,2013-04-19,2013,4,47,NaN,5,46.70527,-92.52377,COQ,KINL,32.22,28.25208333333333,N,19.18,0,0.0218,65.79166666666667,17.397083333333335,0.75,200
27-017-7416,Fond Du Lac,2013-04-20,2013,4,51,NaN,6,46.70527,-92.52377,COQ,KINL,35.93,25.258333333333333,Calm,3.29,0.7142857142857143,0,42.333333333333336,3.4787500000000002,0,4e4
27-017-7416,Fond Du Lac,2013-04-20,2013,4,51,NaN,6,46.70527,-92.52377,COQ,KINL,35.93,25.244166666666665,Calm,3.3,0.7142857142857143,0,42.041666666666664,3.29875,0,4e4
27-017-7416,Fond Du Lac,2013-04-21,2013,4,45,NaN,0,46.70527,-92.52377,COQ,KINL,37.27,32.0325,Calm,5.275,0.14285714285714285,0.0692,70.125,23.13083333333333,0.86,400
27-017-7416,Fond Du Lac,2013-04-21,2013,4,45,NaN,0,46.70527,-92.52377,COQ,KINL,37.25,32.022083333333335,Calm,5.244999999999999,0.14285714285714285,0.0693,70.08333333333333,23.074166666666667,0.86,400
27-017-7416,Fond Du Lac,2013-04-22,2013,4,44,NaN,1,46.70527,-92.52377,COQ,KINL,37.44,33.53,N,5.91,0.2857142857142857,0.1463,74.79166666666667,25.81875,0.67,100
27-017-7416,Fond Du Lac,2013-04-22,2013,4,44,NaN,1,46.70527,-92.52377,COQ,KINL,37.4,33.49041666666667,N,5.915,0.2857142857142857,0.1471,74.79166666666667,25.785833333333333,0.66,100
27-017-7416,Fond Du Lac,2013-04-23,2013,4,50,NaN,2,46.70527,-92.52377,COQ,KINL,39.64,33.66833333333334,NW,8.405000000000001,0.07142857142857142,0.0226,55.333333333333336,16.88125,0.4,1500
27-017-7416,Fond Du Lac,2013-04-23,2013,4,50,NaN,2,46.70527,-92.52377,COQ,KINL,39.59,33.63666666666666,NW,8.455,0.07142857142857142,0.0215,55.25,16.795833333333334,0.4,1500
27-017-7416,Fond Du Lac,2013-04-24,2013,4,52,NaN,3,46.70527,-92.52377,COQ,KINL,39.07,31.48625,Calm,4.720000000000001,0.5,0.024399999999999998,65.20833333333333,20.705833333333334,0.45,400
27-017-7416,Fond Du Lac,2013-04-24,2013,4,52,NaN,3,46.70527,-92.52377,COQ,KINL,39.06,31.456666666666667,Calm,4.75,0.5,0.025,65.20833333333333,20.642083333333332,0.45,400
27-017-7416,Fond Du Lac,2013-04-25,2013,4,53,NaN,4,46.70527,-92.52377,COQ,KINL,43.55,35.13,W,6.9350000000000005,0.07142857142857142,0,61.583333333333336,21.429166666666667,0.32,800
27-017-7416,Fond Du Lac,2013-04-25,2013,4,53,NaN,4,46.70527,-92.52377,COQ,KINL,43.5,35.09,W,6.985,0.07142857142857142,0,61.458333333333336,21.333333333333332,0.32,800
27-017-7416,Fond Du Lac,2013-04-26,2013,4,53,NaN,5,46.70527,-92.52377,COQ,KINL,60.12,47.09,Calm,4.574999999999999,0.5,0.0026,48.791666666666664,27.688333333333333,0.2,5500
27-017-7416,Fond Du Lac,2013-04-26,2013,4,53,NaN,5,46.70527,-92.52377,COQ,KINL,60.18,47.126666666666665,Calm,4.625,0.5,0.0023,48.291666666666664,27.548333333333332,0.2,5500
27-017-7416,Fond Du Lac,2013-04-27,2013,4,51,NaN,6,46.70527,-92.52377,COQ,KINL,66.23,49.142916666666665,Calm,4.35,0.21428571428571427,0,48.291666666666664,26.744583333333335,0,4e4
27-017-7416,Fond Du Lac,2013-04-27,2013,4,51,NaN,6,46.70527,-92.52377,COQ,KINL,66.35,49.16875,Calm,4.41,0.21428571428571427,0,48.083333333333336,26.527916666666666,0,4e4
27-017-7416,Fond Du Lac,2013-04-28,2013,4,52,NaN,0,46.70527,-92.52377,COQ,KINL,66.49,53.68958333333333,Calm,6.5600000000000005,0,0.005299999999999999,58.208333333333336,38.36666666666667,0.35,8500
27-017-7416,Fond Du Lac,2013-04-28,2013,4,52,NaN,0,46.70527,-92.52377,COQ,KINL,66.61,53.711666666666666,Calm,6.645,0,0.0046,58.041666666666664,38.29708333333333,0.35,8500
27-017-7416,Fond Du Lac,2013-04-29,2013,4,47,NaN,1,46.70527,-92.52377,COQ,KINL,62.84,49.28916666666667,E,6.494999999999999,0.35714285714285715,0,49.916666666666664,28.43875,0.05,500
27-017-7416,Fond Du Lac,2013-04-29,2013,4,47,NaN,1,46.70527,-92.52377,COQ,KINL,62.91,49.263333333333335,E,6.55,0.35714285714285715,0,49.75,28.315833333333334,0.05,500
27-017-7416,Fond Du Lac,2013-04-30,2013,4,51,NaN,2,46.70527,-92.52377,COQ,KINL,65.54,51.52333333333333,W,8.1,0.07142857142857142,0.16720000000000002,59.166666666666664,33.427083333333336,0.45,200
27-017-7416,Fond Du Lac,2013-04-30,2013,4,51,NaN,2,46.70527,-92.52377,COQ,KINL,65.58,51.48041666666667,W,8.11,0.07142857142857142,0.1686,59.291666666666664,33.30083333333333,0.45,200
27-017-7416,Fond Du Lac,2013-05-01,2013,5,30,NaN,3,46.70527,-92.52377,COQ,KINL,50.09,39.43375,NW,8.835,0,0,51.041666666666664,22.62125,0.26,2600
27-017-7416,Fond Du Lac,2013-05-01,2013,5,30,NaN,3,46.70527,-92.52377,COQ,KINL,50.09,39.417500000000004,NW,8.855,0,0,50.833333333333336,22.52,0.26,2600
27-017-7416,Fond Du Lac,2013-05-02,2013,5,29,NaN,4,46.70527,-92.52377,COQ,KINL,42.12,35.24166666666667,N,8.15,0.0625,0,54.66666666666667,20.300833333333333,0.2,2400
27-017-7416,Fond Du Lac,2013-05-02,2013,5,29,NaN,4,46.70527,-92.52377,COQ,KINL,42.2,35.245416666666664,N,8.18,0.0625,0,54.5,20.202916666666667,0.21,2400
27-017-7416,Fond Du Lac,2013-05-03,2013,5,30,NaN,5,46.70527,-92.52377,COQ,KINL,35.54,31.05875,NE,7.359999999999999,0,0.0243,77.91666666666667,24.787083333333335,0.23,400
27-017-7416,Fond Du Lac,2013-05-03,2013,5,30,NaN,5,46.70527,-92.52377,COQ,KINL,35.58,30.999583333333334,NE,7.324999999999999,0,0.023299999999999998,78,24.7425,0.23,400
27-017-7416,Fond Du Lac,2013-05-04,2013,5,12,NaN,6,46.70527,-92.52377,COQ,KINL,37.06,33.80375,NE,7.11,0.125,0.0804,88.25,30.695833333333333,0.38,100
27-017-7416,Fond Du Lac,2013-05-04,2013,5,12,NaN,6,46.70527,-92.52377,COQ,KINL,37.05,33.78208333333333,NE,7.145,0.125,0.0805,88.20833333333333,30.67625,0.38,100
27-017-7416,Fond Du Lac,2013-05-05,2013,5,24,NaN,0,46.70527,-92.52377,COQ,KINL,51.9,41.12708333333333,NE,5.97,0.375,0,79.875,34.97708333333333,0.09,100
27-017-7416,Fond Du Lac,2013-05-05,2013,5,24,NaN,0,46.70527,-92.52377,COQ,KINL,51.88,41.097500000000004,NE,5.975,0.375,0,79.79166666666667,34.95333333333333,0.09,100
27-017-7416,Fond Du Lac,2013-05-06,2013,5,43,NaN,1,46.70527,-92.52377,COQ,KINL,69.88,50.7475,Calm,2.03,0.9375,0,62.208333333333336,36.0575,0.04,4e4
27-017-7416,Fond Du Lac,2013-05-06,2013,5,43,NaN,1,46.70527,-92.52377,COQ,KINL,70.05,50.785,Calm,2.065,0.9375,0,62.125,35.98833333333334,0.04,4e4
27-017-7416,Fond Du Lac,2013-05-07,2013,5,49,NaN,2,46.70527,-92.52377,COQ,KINL,71.33,55.02125,Calm,2.38,0.5625,0,56.416666666666664,36.73291666666667,0.07,7e3
27-017-7416,Fond Du Lac,2013-05-07,2013,5,49,NaN,2,46.70527,-92.52377,COQ,KINL,71.46,55.03541666666667,Calm,2.375,0.5625,0,56.25,36.6175,0.07,7e3
27-017-7416,Fond Du Lac,2013-05-08,2013,5,42,NaN,3,46.70527,-92.52377,COQ,KINL,70.03,55.82958333333333,Calm,2.17,0.875,0,59.833333333333336,40.2375,0.17,6500
27-017-7416,Fond Du Lac,2013-05-08,2013,5,42,NaN,3,46.70527,-92.52377,COQ,KINL,70.03,55.825,Calm,2.225,0.8125,0,59.75,40.180416666666666,0.18,6500
27-017-7416,Fond Du Lac,2013-05-09,2013,5,26,NaN,4,46.70527,-92.52377,COQ,KINL,53.83,44.75833333333333,NE,13.58,0,0.0054,65.04166666666667,33.44416666666667,0.22,1600
27-017-7416,Fond Du Lac,2013-05-09,2013,5,26,NaN,4,46.70527,-92.52377,COQ,KINL,53.93,44.760416666666664,NE,13.625,0,0.0034000000000000002,64.70833333333333,33.339999999999996,0.22,1600
27-017-7416,Fond Du Lac,2013-05-10,2013,5,39,NaN,5,46.70527,-92.52377,COQ,KINL,51.15,40.045,E,6.984999999999999,0.125,0,51.291666666666664,22.284166666666668,0.04,6500
27-017-7416,Fond Du Lac,2013-05-10,2013,5,39,NaN,5,46.70527,-92.52377,COQ,KINL,51.17,40.00375,E,6.949999999999999,0.125,0,50.916666666666664,22.081666666666667,0.04,6500
27-017-7416,Fond Du Lac,2013-05-11,2013,5,32,NaN,6,46.70527,-92.52377,COQ,KINL,45.53,39.87166666666667,NW,16.270000000000003,0,0,51.875,23.12875,0.3,2100
27-017-7416,Fond Du Lac,2013-05-11,2013,5,32,NaN,6,46.70527,-92.52377,COQ,KINL,45.58,39.865,NW,16.29,0,0,51.708333333333336,23.02875,0.3,2100
27-017-7416,Fond Du Lac,2013-05-12,2013,5,44,NaN,0,46.70527,-92.52377,COQ,KINL,52.08,40.48125,NW,8.865,0.0625,0,36.958333333333336,12.915000000000001,0.03,5e3
27-017-7416,Fond Du Lac,2013-05-12,2013,5,44,NaN,0,46.70527,-92.52377,COQ,KINL,52.07,40.47541666666667,NW,8.87,0.0625,0,36.666666666666664,12.684166666666666,0.03,5e3
27-017-7416,Fond Du Lac,2013-05-13,2013,5,50,NaN,1,46.70527,-92.52377,COQ,KINL,58.55,45.111666666666665,Calm,6.84,0.1875,0.009,41.416666666666664,22.098333333333333,0.05,5500
27-017-7416,Fond Du Lac,2013-05-13,2013,5,50,NaN,1,46.70527,-92.52377,COQ,KINL,58.73,45.1875,Calm,6.925,0.1875,0.0091,40.833333333333336,21.8825,0.04,5500
27-017-7416,Fond Du Lac,2013-05-14,2013,5,48,NaN,2,46.70527,-92.52377,COQ,KINL,72.05,52.20625,Calm,5.255,0.3125,0.0391,55.541666666666664,34.6575,0.04,3800
27-017-7416,Fond Du Lac,2013-05-14,2013,5,48,NaN,2,46.70527,-92.52377,COQ,KINL,72.24,52.227916666666665,Calm,5.4399999999999995,0.3125,0.0393,55.125,34.498333333333335,0.04,3800
27-017-7416,Fond Du Lac,2013-05-15,2013,5,29,NaN,3,46.70527,-92.52377,COQ,KINL,77.88,64.25708333333333,W,11.285,0.0625,0,36.708333333333336,32.52875,0.12,1e4
27-017-7416,Fond Du Lac,2013-05-15,2013,5,29,NaN,3,46.70527,-92.52377,COQ,KINL,77.97,64.28708333333333,W,11.27,0.0625,0,36.541666666666664,32.270833333333336,0.12,1e4
27-017-7416,Fond Du Lac,2013-05-16,2013,5,20,NaN,4,46.70527,-92.52377,COQ,KINL,66.2,55.665,E,8.165,0.0625,0.0011,42.125,31.2275,0.06,1e4
27-017-7416,Fond Du Lac,2013-05-16,2013,5,20,NaN,4,46.70527,-92.52377,COQ,KINL,66.31,55.69375,E,8.149999999999999,0.0625,0.001,42,31.0325,0.06,1e4
27-017-7416,Fond Du Lac,2013-05-17,2013,5,14,NaN,5,46.70527,-92.52377,COQ,KINL,56.52,49.98708333333333,E,12.875,0,0,50.33333333333333,31.938333333333333,0.18,4800
27-017-7416,Fond Du Lac,2013-05-17,2013,5,14,NaN,5,46.70527,-92.52377,COQ,KINL,56.53,50.0075,E,12.9,0,0,50.041666666666664,31.798333333333332,0.18,4800
27-017-7416,Fond Du Lac,2013-05-18,2013,5,5,NaN,6,46.70527,-92.52377,COQ,KINL,50.36,45.13041666666667,E,6.615,0.125,0.1881,87.625,41.60125,0.32,100
27-017-7416,Fond Du Lac,2013-05-18,2013,5,5,NaN,6,46.70527,-92.52377,COQ,KINL,50.29,45.0575,E,6.645,0.125,0.1864,87.70833333333333,41.534166666666664,0.32,100
27-017-7416,Fond Du Lac,2013-05-19,2013,5,10,NaN,0,46.70527,-92.52377,COQ,KINL,54.53,49.05875,E,10.935,0.0625,0.2323,88.16666666666667,45.64541666666667,0.27,100
27-017-7416,Fond Du Lac,2013-05-19,2013,5,10,NaN,0,46.70527,-92.52377,COQ,KINL,54.45,49.024166666666666,E,10.95,0.0625,0.2339,88.25,45.617916666666666,0.27,100
27-017-7416,Fond Du Lac,2013-05-23,2013,5,37,NaN,4,46.70527,-92.52377,COQ,KINL,55.52,46.74583333333333,NE,6.545,0.0625,0,51.583333333333336,28.692083333333333,0.03,4100
27-017-7416,Fond Du Lac,2013-05-23,2013,5,37,NaN,4,46.70527,-92.52377,COQ,KINL,55.62,46.775,NE,6.59,0.0625,0,51.208333333333336,28.576666666666668,0.03,4100
27-017-7416,Fond Du Lac,2013-05-24,2013,5,39,NaN,5,46.70527,-92.52377,COQ,KINL,63.49,48.083333333333336,Calm,3.535,0.375,0,50.583333333333336,27.60375,0,4e4
27-017-7416,Fond Du Lac,2013-05-24,2013,5,39,NaN,5,46.70527,-92.52377,COQ,KINL,63.69,48.124583333333334,Calm,3.54,0.375,0,50.5,27.39875,0,4e4
27-017-7416,Fond Du Lac,2013-05-25,2013,5,38,NaN,6,46.70527,-92.52377,COQ,KINL,53.69,47.98041666666667,E,7.220000000000001,0,8e-4,54.79166666666667,32.39666666666667,0.24,7500
27-017-7416,Fond Du Lac,2013-05-25,2013,5,38,NaN,6,46.70527,-92.52377,COQ,KINL,53.69,47.96208333333333,E,7.21,0,0,54.625,32.24041666666667,0.24,7500
27-017-7416,Fond Du Lac,2013-05-26,2013,5,41,NaN,0,46.70527,-92.52377,COQ,KINL,60.33,50.425,E,7.425000000000001,0,0,46.375,29.627916666666668,0.05,7e3
27-017-7416,Fond Du Lac,2013-05-26,2013,5,41,NaN,0,46.70527,-92.52377,COQ,KINL,60.36,50.46,E,7.475,0,0,46.083333333333336,29.4525,0.05,7e3
27-017-7416,Fond Du Lac,2013-05-27,2013,5,43,NaN,1,46.70527,-92.52377,COQ,KINL,57.74,49.527499999999996,E,7.4350000000000005,0.0625,0,51.791666666666664,32.08166666666666,0.24,2800
27-017-7416,Fond Du Lac,2013-05-27,2013,5,43,NaN,1,46.70527,-92.52377,COQ,KINL,57.83,49.534166666666664,E,7.455,0.0625,0,51.291666666666664,31.930833333333332,0.24,2800
27-017-7416,Fond Du Lac,2013-05-28,2013,5,47,NaN,2,46.70527,-92.52377,COQ,KINL,59.26,51.20166666666667,E,6.03,0.1875,0,59.458333333333336,37.3375,0.41,1700
27-017-7416,Fond Du Lac,2013-05-28,2013,5,47,NaN,2,46.70527,-92.52377,COQ,KINL,59.4,51.215833333333336,E,6.07,0.1875,0,59.041666666666664,37.233333333333334,0.41,1700
27-017-7416,Fond Du Lac,2013-05-29,2013,5,43,NaN,3,46.70527,-92.52377,COQ,KINL,72.26,57.6125,Calm,4.42,0.4375,0.814,70.5,47.815416666666664,0.28,200
27-017-7416,Fond Du Lac,2013-05-29,2013,5,43,NaN,3,46.70527,-92.52377,COQ,KINL,72.49,57.66625,Calm,4.445,0.4375,0.8316,70.33333333333333,47.8025,0.28,200
27-017-7416,Fond Du Lac,2013-05-30,2013,5,34,NaN,4,46.70527,-92.52377,COQ,KINL,64.8,56.46666666666667,E,7.25,0,0.2357,85.41666666666667,52.055,0.25,100
27-017-7416,Fond Du Lac,2013-05-30,2013,5,34,NaN,4,46.70527,-92.52377,COQ,KINL,64.86,56.46666666666667,E,7.24,0,0.2386,85.375,52.05083333333333,0.25,100
27-017-7416,Fond Du Lac,2013-05-31,2013,5,43,NaN,5,46.70527,-92.52377,COQ,KINL,71.62,58.385,Calm,4.715,0.4375,0.1953,77.75,50.88791666666667,0.28,100
27-017-7416,Fond Du Lac,2013-05-31,2013,5,43,NaN,5,46.70527,-92.52377,COQ,KINL,71.88,58.419583333333335,Calm,4.74,0.4375,0.1941,77.66666666666667,50.87833333333333,0.28,100
27-017-7416,Fond Du Lac,2013-06-01,2013,6,31,NaN,6,46.70527,-92.52377,COQ,KINL,56.97,50.65541666666667,Calm,4.725,0.4375,0.0999,82.95833333333333,45.61125,0.53,200
27-017-7416,Fond Du Lac,2013-06-01,2013,6,31,NaN,6,46.70527,-92.52377,COQ,KINL,57.13,50.68958333333333,Calm,4.8,0.4375,0.1009,82.91666666666667,45.623333333333335,0.53,200
27-017-7416,Fond Du Lac,2013-06-02,2013,6,38,NaN,0,46.70527,-92.52377,COQ,KINL,63.12,51.62041666666667,NW,7.475,0.1875,0,54.958333333333336,33.700833333333335,0.16,2200
27-017-7416,Fond Du Lac,2013-06-02,2013,6,38,NaN,0,46.70527,-92.52377,COQ,KINL,63.11,51.63166666666667,NW,7.57,0.1875,0,54.75,33.5925,0.17,2200
27-017-7416,Fond Du Lac,2013-06-03,2013,6,40,NaN,1,46.70527,-92.52377,COQ,KINL,62.15,51.58958333333333,Calm,3.59,0.625,0,51.166666666666664,31.7975,0.04,1e4
27-017-7416,Fond Du Lac,2013-06-03,2013,6,40,NaN,1,46.70527,-92.52377,COQ,KINL,62.22,51.626666666666665,Calm,3.635,0.625,0,50.75,31.695833333333333,0.04,1e4
27-017-7416,Fond Du Lac,2013-06-04,2013,6,39,NaN,2,46.70527,-92.52377,COQ,KINL,59.3,51.5075,E,6.34,0.0625,0.1208,50.083333333333336,33.079166666666666,0.31,2600
27-017-7416,Fond Du Lac,2013-06-04,2013,6,39,NaN,2,46.70527,-92.52377,COQ,KINL,59.45,51.53541666666667,E,6.3149999999999995,0.0625,0.1226,49.791666666666664,32.935833333333335,0.31,2600
27-017-7416,Fond Du Lac,2013-06-05,2013,6,37,NaN,3,46.70527,-92.52377,COQ,KINL,47.83,45.82541666666667,E,8.1,0,0.2669,85.25,41.540416666666665,0.72,100
27-017-7416,Fond Du Lac,2013-06-05,2013,6,37,NaN,3,46.70527,-92.52377,COQ,KINL,47.83,45.82958333333333,E,8.005,0,0.2673,85.25,41.54083333333333,0.72,100
27-017-7416,Fond Du Lac,2013-06-06,2013,6,36,NaN,4,46.70527,-92.52377,COQ,KINL,54.12,47.73833333333334,E,6.47,0.25,0,81.04166666666667,41.76916666666666,0.33,100
27-017-7416,Fond Du Lac,2013-06-06,2013,6,36,NaN,4,46.70527,-92.52377,COQ,KINL,54.19,47.75958333333333,E,6.385,0.3125,0,81.04166666666667,41.77458333333333,0.33,100
27-017-7416,Fond Du Lac,2013-06-07,2013,6,39,NaN,5,46.70527,-92.52377,COQ,KINL,63.2,52.60666666666667,Calm,1.705,1,0,61.29166666666667,38.4325,0.27,4900
27-017-7416,Fond Du Lac,2013-06-07,2013,6,39,NaN,5,46.70527,-92.52377,COQ,KINL,63.27,52.67208333333333,Calm,1.76,0.9375,0,60.875,38.33541666666667,0.28,4900
27-017-7416,Fond Du Lac,2013-06-08,2013,6,44,NaN,6,46.70527,-92.52377,COQ,KINL,66.51,57.09583333333333,E,5.359999999999999,0.25,0,53.708333333333336,39.84166666666667,0.16,6500
27-017-7416,Fond Du Lac,2013-06-08,2013,6,44,NaN,6,46.70527,-92.52377,COQ,KINL,66.63,57.175,E,5.380000000000001,0.25,0,53.541666666666664,39.770833333333336,0.16,6500
27-017-7416,Fond Du Lac,2013-06-09,2013,6,41,NaN,0,46.70527,-92.52377,COQ,KINL,53.65,51.09708333333333,E,8.18,0,0.2893,77.54166666666667,44.128750000000004,0.27,300
27-017-7416,Fond Du Lac,2013-06-09,2013,6,41,NaN,0,46.70527,-92.52377,COQ,KINL,53.76,51.15875,E,8.17,0,0.2897,77.33333333333333,44.12083333333333,0.27,300
27-017-7416,Fond Du Lac,2013-06-10,2013,6,34,NaN,1,46.70527,-92.52377,COQ,KINL,67.44,56.02375,Calm,2.495,0.875,0,80.54166666666667,49.7625,0.4,100
27-017-7416,Fond Du Lac,2013-06-10,2013,6,34,NaN,1,46.70527,-92.52377,COQ,KINL,67.65,56.089166666666664,Calm,2.5300000000000002,0.8125,0,80.41666666666667,49.79375,0.4,100
27-017-7416,Fond Du Lac,2013-06-11,2013,6,50,NaN,2,46.70527,-92.52377,COQ,KINL,78.38,65.89708333333333,Calm,4.21,0.5625,0,57.333333333333336,46.94708333333333,0.09,6e3
27-017-7416,Fond Du Lac,2013-06-11,2013,6,50,NaN,2,46.70527,-92.52377,COQ,KINL,78.43,66.02416666666667,Calm,4.279999999999999,0.5625,0,57,46.85041666666667,0.09,6e3
27-017-7416,Fond Du Lac,2013-06-14,2013,6,34,NaN,5,46.70527,-92.52377,COQ,KINL,68.01,56.6175,E,6.555,0.0625,0.005,63.041666666666664,43.53333333333333,0.05,5500
27-017-7416,Fond Du Lac,2013-06-14,2013,6,34,NaN,5,46.70527,-92.52377,COQ,KINL,68.16,56.64208333333333,E,6.555,0.0625,0.0045,62.875,43.46875,0.05,5500
27-017-7416,Fond Du Lac,2013-06-15,2013,6,41,NaN,6,46.70527,-92.52377,COQ,KINL,73.09,60.82541666666667,Calm,4.04,0.8125,0.0079,57.125,45.01625,0.14,600
27-017-7416,Fond Du Lac,2013-06-15,2013,6,41,NaN,6,46.70527,-92.52377,COQ,KINL,73.26,60.87166666666667,Calm,4.195,0.8125,0.0063999999999999994,56.875,44.92458333333333,0.14,600
27-017-7416,Fond Du Lac,2013-06-16,2013,6,39,NaN,0,46.70527,-92.52377,COQ,KINL,79.71,66.915,W,6.495,0.375,0.1388,48.875,45.67166666666667,0.13,7500
27-017-7416,Fond Du Lac,2013-06-16,2013,6,39,NaN,0,46.70527,-92.52377,COQ,KINL,79.81,66.9375,W,6.535,0.375,0.1386,48.666666666666664,45.54625,0.13,7500
27-017-7416,Fond Du Lac,2013-06-17,2013,6,31,NaN,1,46.70527,-92.52377,COQ,KINL,56.31,51.63916666666667,E,8.605,0,0.0028,72.08333333333333,42.48625,0.2,200
27-017-7416,Fond Du Lac,2013-06-17,2013,6,31,NaN,1,46.70527,-92.52377,COQ,KINL,56.34,51.62083333333333,E,8.605,0,0.0024999999999999996,71.79166666666667,42.392916666666665,0.2,200
27-017-7416,Fond Du Lac,2013-06-18,2013,6,36,NaN,2,46.70527,-92.52377,COQ,KINL,67.04,53.53416666666667,Calm,4.54,0.25,0.0464,51.041666666666664,33.22083333333333,0,4e4
27-017-7416,Fond Du Lac,2013-06-18,2013,6,36,NaN,2,46.70527,-92.52377,COQ,KINL,67.1,53.53666666666667,Calm,4.57,0.25,0.0478,50.833333333333336,33.06375,0,4e4
27-017-7416,Fond Du Lac,2013-06-21,2013,6,39,NaN,5,46.70527,-92.52377,COQ,KINL,68.08,59.249583333333334,E,5.695,0.375,0.668,89.79166666666667,56.18083333333333,0.21,100
27-017-7416,Fond Du Lac,2013-06-21,2013,6,39,NaN,5,46.70527,-92.52377,COQ,KINL,68.22,59.27041666666666,E,5.695,0.375,0.6659,89.91666666666667,56.215833333333336,0.21,100
27-017-7416,Fond Du Lac,2013-06-22,2013,6,31,NaN,6,46.70527,-92.52377,COQ,KINL,56.61,54.500416666666666,E,6.54,0.125,0.0434,94.16666666666667,52.84875,0.32,100
27-017-7416,Fond Du Lac,2013-06-22,2013,6,31,NaN,6,46.70527,-92.52377,COQ,KINL,56.63,54.499583333333334,E,6.545,0.125,0.0443,94.33333333333333,52.8675,0.32,100
27-017-7416,Fond Du Lac,2013-06-23,2013,6,43,NaN,0,46.70527,-92.52377,COQ,KINL,76.69,61.13791666666667,E,6.26,0.1875,0.1675,83.375,55.35333333333333,0.17,100
27-017-7416,Fond Du Lac,2013-06-23,2013,6,43,NaN,0,46.70527,-92.52377,COQ,KINL,77.03,61.235,E,6.295,0.1875,0.165,83.33333333333333,55.395833333333336,0.17,100
27-017-7416,Fond Du Lac,2013-06-24,2013,6,45,NaN,1,46.70527,-92.52377,COQ,KINL,81.19,70.22375,Calm,5.415,0.375,0,63.791666666666664,55.80291666666667,0.03,4e4
27-017-7416,Fond Du Lac,2013-06-24,2013,6,45,NaN,1,46.70527,-92.52377,COQ,KINL,81.26,70.29,Calm,5.4350000000000005,0.375,0,63.583333333333336,55.76833333333333,0.03,4e4
27-017-7416,Fond Du Lac,2013-06-25,2013,6,46,NaN,2,46.70527,-92.52377,COQ,KINL,82.33,71.96083333333333,Calm,3.045,0.625,0,72.79166666666667,61.655833333333334,0.02,200
27-017-7416,Fond Du Lac,2013-06-25,2013,6,46,NaN,2,46.70527,-92.52377,COQ,KINL,82.46,72.03666666666666,Calm,3.045,0.625,0,72.66666666666667,61.645,0.02,200
27-017-7416,Fond Du Lac,2013-06-26,2013,6,32,NaN,3,46.70527,-92.52377,COQ,KINL,72.53,66.36125,Calm,2.9299999999999997,0.875,0.0277,87.5,62.4075,0.17,400
27-017-7416,Fond Du Lac,2013-06-26,2013,6,32,NaN,3,46.70527,-92.52377,COQ,KINL,72.55,66.39,Calm,2.9400000000000004,0.8125,0.0254,87.5,62.46375,0.17,400
27-017-7416,Fond Du Lac,2013-06-27,2013,6,41,NaN,4,46.70527,-92.52377,COQ,KINL,81.95,70.87375,W,8.379999999999999,0.1875,0.077,66.875,57.867916666666666,0.15,6e3
27-017-7416,Fond Du Lac,2013-06-27,2013,6,41,NaN,4,46.70527,-92.52377,COQ,KINL,81.96,70.90708333333333,W,8.395,0.1875,0.0744,66.75,57.844166666666666,0.15,6e3
27-017-7416,Fond Du Lac,2013-06-28,2013,6,24,NaN,5,46.70527,-92.52377,COQ,KINL,71.46,64.55791666666667,NW,7.58,0.3125,0.1611,85.16666666666667,59.73625,0.31,400
27-017-7416,Fond Du Lac,2013-06-28,2013,6,24,NaN,5,46.70527,-92.52377,COQ,KINL,71.6,64.57291666666667,NW,7.58,0.3125,0.1592,85.25,59.75208333333333,0.31,400
27-017-7416,Fond Du Lac,2013-06-29,2013,6,30,NaN,6,46.70527,-92.52377,COQ,KINL,69.38,63.05583333333333,Calm,5.234999999999999,0.3125,0.0932,76.625,54.92,0.21,1200
27-017-7416,Fond Du Lac,2013-06-29,2013,6,30,NaN,6,46.70527,-92.52377,COQ,KINL,69.43,63.066250000000004,Calm,5.255,0.3125,0.0935,76.70833333333333,54.92875,0.21,1200
27-017-7416,Fond Du Lac,2013-06-30,2013,6,37,NaN,0,46.70527,-92.52377,COQ,KINL,80.46,66.05583333333334,Calm,4.465,0.4375,0,62.416666666666664,50.18625,0.08,9e3
27-017-7416,Fond Du Lac,2013-06-30,2013,6,37,NaN,0,46.70527,-92.52377,COQ,KINL,80.51,66.05375000000001,Calm,4.515000000000001,0.375,0,62.416666666666664,50.10625,0.08,9e3
27-017-7416,Fond Du Lac,2013-07-01,2013,7,26,NaN,1,46.70527,-92.52377,COQ,KINL,67.96,60.906666666666666,E,6.73,0.0625,0,63.833333333333336,47.86875,0.03,1e4
27-017-7416,Fond Du Lac,2013-07-01,2013,7,26,NaN,1,46.70527,-92.52377,COQ,KINL,67.93,60.89458333333334,E,6.76,0.0625,0,63.625,47.80083333333334,0.03,1e4
27-017-7416,Fond Du Lac,2013-07-02,2013,7,36,NaN,2,46.70527,-92.52377,COQ,KINL,71.78,60.279583333333335,Calm,4.17,0.5625,0,49.458333333333336,39.94291666666667,0.06,7500
27-017-7416,Fond Du Lac,2013-07-02,2013,7,36,NaN,2,46.70527,-92.52377,COQ,KINL,71.86,60.32541666666667,Calm,4.195,0.5625,0,49.208333333333336,39.76833333333333,0.06,7500
27-017-7416,Fond Du Lac,2013-07-03,2013,7,42,NaN,3,46.70527,-92.52377,COQ,KINL,78.62,63.490833333333335,Calm,2.615,0.875,0,55.416666666666664,45.2325,0.02,4e4
27-017-7416,Fond Du Lac,2013-07-03,2013,7,42,NaN,3,46.70527,-92.52377,COQ,KINL,78.81,63.549166666666665,Calm,2.65,0.875,0,55.083333333333336,45.1025,0.02,4e4
27-017-7416,Fond Du Lac,2013-07-04,2013,7,62,NaN,4,46.70527,-92.52377,COQ,KINL,81.25,67.48208333333334,Calm,3.025,0.375,0,62.541666666666664,53.08125,0.03,4e4
27-017-7416,Fond Du Lac,2013-07-04,2013,7,62,NaN,4,46.70527,-92.52377,COQ,KINL,81.48,67.55791666666667,Calm,3.0149999999999997,0.375,0,62.291666666666664,53.02791666666667,0.03,4e4
27-017-7416,Fond Du Lac,2013-07-05,2013,7,68,NaN,5,46.70527,-92.52377,COQ,KINL,83.3,74.00291666666666,S,7.87,0.0625,0,58.333333333333336,57.752916666666664,0.07,6e3
27-017-7416,Fond Du Lac,2013-07-05,2013,7,68,NaN,5,46.70527,-92.52377,COQ,KINL,83.36,74.06708333333333,S,7.92,0.0625,0,58.166666666666664,57.681666666666665,0.07,6e3
27-017-7416,Fond Du Lac,2013-07-06,2013,7,41,NaN,6,46.70527,-92.52377,COQ,KINL,76.76,72.32375,Calm,5.695,0.5,0.0955,77.29166666666667,64.65166666666667,0.12,100
27-017-7416,Fond Du Lac,2013-07-06,2013,7,41,NaN,6,46.70527,-92.52377,COQ,KINL,76.79,72.35041666666667,Calm,5.725,0.5,0.0923,77.29166666666667,64.64791666666666,0.12,100
27-017-7416,Fond Du Lac,2013-07-07,2013,7,37,NaN,0,46.70527,-92.52377,COQ,KINL,67.42,62.454166666666666,E,7.605,0.125,0.0424,92.04166666666667,60.05291666666667,0.18,100
27-017-7416,Fond Du Lac,2013-07-07,2013,7,37,NaN,0,46.70527,-92.52377,COQ,KINL,67.46,62.4225,E,7.645,0.125,0.0406,92.04166666666667,60.04625,0.18,100
27-017-7416,Fond Du Lac,2013-07-08,2013,7,37,NaN,1,46.70527,-92.52377,COQ,KINL,72.12,61.255833333333335,Calm,3.3899999999999997,0.875,0,86.83333333333333,57.041666666666664,0.07,100
27-017-7416,Fond Du Lac,2013-07-08,2013,7,37,NaN,1,46.70527,-92.52377,COQ,KINL,72.17,61.27166666666667,Calm,3.375,0.875,0,86.83333333333333,57.068333333333335,0.07,100
27-017-7416,Fond Du Lac,2013-07-09,2013,7,31,NaN,2,46.70527,-92.52377,COQ,KINL,71.72,60.579166666666666,Calm,4.1,0.5625,0.0289,90.33333333333333,57.57333333333333,0.23,200
27-017-7416,Fond Du Lac,2013-07-09,2013,7,31,NaN,2,46.70527,-92.52377,COQ,KINL,71.8,60.547916666666666,Calm,4.235,0.5625,0.0265,90.58333333333333,57.56583333333333,0.23,200
27-017-7416,Fond Du Lac,2013-07-10,2013,7,37,NaN,3,46.70527,-92.52377,COQ,KINL,75.46,66.18833333333333,NW,9.325,0.0625,0,63.125,52.13166666666667,0.17,3200
27-017-7416,Fond Du Lac,2013-07-10,2013,7,37,NaN,3,46.70527,-92.52377,COQ,KINL,75.42,66.17458333333333,NW,9.344999999999999,0.0625,0,63.125,52.08416666666667,0.17,3200
27-017-7416,Fond Du Lac,2013-07-11,2013,7,50,NaN,4,46.70527,-92.52377,COQ,KINL,79.98,66.99166666666666,Calm,3.7350000000000003,0.375,0,65.08333333333333,53.472500000000004,0.03,1e4
27-017-7416,Fond Du Lac,2013-07-11,2013,7,50,NaN,4,46.70527,-92.52377,COQ,KINL,80.06,67.03083333333333,Calm,3.7600000000000002,0.375,0,64.91666666666667,53.39375,0.03,1e4
27-017-7416,Fond Du Lac,2013-07-12,2013,7,59,NaN,5,46.70527,-92.52377,COQ,KINL,83.12,73.25708333333333,S,9.475000000000001,0.0625,0,61,58.57833333333333,0.07,1e4
27-017-7416,Fond Du Lac,2013-07-12,2013,7,59,NaN,5,46.70527,-92.52377,COQ,KINL,83.19,73.32,S,9.52,0.0625,0,60.875,58.53791666666667,0.07,1e4
27-017-7416,Fond Du Lac,2013-07-13,2013,7,37,NaN,6,46.70527,-92.52377,COQ,KINL,74.14,69.74791666666667,Calm,4.984999999999999,0.5625,0.050300000000000004,81.45833333333333,63.63791666666666,0.32,600
27-017-7416,Fond Du Lac,2013-07-13,2013,7,37,NaN,6,46.70527,-92.52377,COQ,KINL,74.21,69.74625,Calm,5.055,0.5625,0.0445,81.375,63.611666666666665,0.32,600
27-017-7416,Fond Du Lac,2013-07-14,2013,7,39,NaN,0,46.70527,-92.52377,COQ,KINL,72.38,69.67208333333333,Calm,4.395,0.6875,0.0312,80,63.17333333333333,0.27,2900
27-017-7416,Fond Du Lac,2013-07-14,2013,7,39,NaN,0,46.70527,-92.52377,COQ,KINL,72.43,69.74000000000001,Calm,4.445,0.6875,0.0263,80,63.1925,0.27,2900
27-017-7416,Fond Du Lac,2013-07-15,2013,7,47,NaN,1,46.70527,-92.52377,COQ,KINL,78.98,69.89583333333333,Calm,4.49,0.5625,0.0082,84.83333333333333,64.88916666666667,0.16,100
27-017-7416,Fond Du Lac,2013-07-15,2013,7,47,NaN,1,46.70527,-92.52377,COQ,KINL,79.14,69.92875,Calm,4.54,0.5625,0.0069,84.875,64.91375000000001,0.16,100
27-017-7416,Fond Du Lac,2013-07-16,2013,7,56,NaN,2,46.70527,-92.52377,COQ,KINL,89.31,75.62541666666667,SW,6.365,0.25,0,71.83333333333333,64.3225,0.12,100
27-017-7416,Fond Du Lac,2013-07-16,2013,7,56,NaN,2,46.70527,-92.52377,COQ,KINL,89.37,75.66708333333334,SW,6.335,0.25,0,71.66666666666667,64.28999999999999,0.12,100
27-017-7416,Fond Du Lac,2013-07-18,2013,7,51,NaN,4,46.70527,-92.52377,COQ,KINL,90.13,78.79041666666667,SW,8.295,0.125,0.0084,67.41666666666667,65.98375,0.16,5e3
27-017-7416,Fond Du Lac,2013-07-18,2013,7,51,NaN,4,46.70527,-92.52377,COQ,KINL,90.21,78.85,SW,8.280000000000001,0.125,0.0076,67.33333333333333,65.92,0.16,5e3
27-017-7416,Fond Du Lac,2013-07-19,2013,7,37,NaN,5,46.70527,-92.52377,COQ,KINL,79.77,73.89083333333333,W,10.309999999999999,0,0.0163,62.291666666666664,59.002916666666664,0.19,3300
27-017-7416,Fond Du Lac,2013-07-19,2013,7,37,NaN,5,46.70527,-92.52377,COQ,KINL,79.87,73.90291666666667,W,10.33,0,0.0149,62.25,58.940416666666664,0.19,3300
27-017-7416,Fond Du Lac,2013-07-20,2013,7,27,NaN,6,46.70527,-92.52377,COQ,KINL,67.78,61.91166666666667,E,5.785,0.1875,0,61.125,47.924166666666665,0.09,5e3
27-017-7416,Fond Du Lac,2013-07-20,2013,7,27,NaN,6,46.70527,-92.52377,COQ,KINL,67.78,61.88125,E,5.8100000000000005,0.1875,0,60.916666666666664,47.848333333333336,0.09,5e3
27-017-7416,Fond Du Lac,2013-07-21,2013,7,24,NaN,0,46.70527,-92.52377,COQ,KINL,69.4,58.913333333333334,E,7.73,0.125,0,71.83333333333333,49.42208333333333,0.09,6e3
27-017-7416,Fond Du Lac,2013-07-21,2013,7,24,NaN,0,46.70527,-92.52377,COQ,KINL,69.42,58.86875,E,7.715,0.125,0,71.79166666666667,49.35375,0.09,6e3
27-017-7416,Fond Du Lac,2013-07-22,2013,7,30,NaN,1,46.70527,-92.52377,COQ,KINL,80.63,66.46541666666667,NW,8.135,0.0625,0.0044,71.5,56.00791666666667,0.24,400
27-017-7416,Fond Du Lac,2013-07-22,2013,7,30,NaN,1,46.70527,-92.52377,COQ,KINL,80.75,66.47541666666666,NW,8.215,0.0625,0.0031999999999999997,71.45833333333333,55.9875,0.24,400
27-017-7416,Fond Du Lac,2013-07-23,2013,7,33,NaN,2,46.70527,-92.52377,COQ,KINL,69.72,61.16416666666667,Calm,5.92,0.4375,0,65.125,48.475833333333334,0.09,4e4
27-017-7416,Fond Du Lac,2013-07-23,2013,7,33,NaN,2,46.70527,-92.52377,COQ,KINL,69.74,61.16166666666667,Calm,5.97,0.4375,0,65.08333333333333,48.41583333333333,0.09,4e4
27-017-7416,Fond Du Lac,2013-07-24,2013,7,29,NaN,3,46.70527,-92.52377,COQ,KINL,72.23,61.67,Calm,4.625,0.5625,0,70.04166666666667,50.935,0.16,4300
27-017-7416,Fond Du Lac,2013-07-24,2013,7,29,NaN,3,46.70527,-92.52377,COQ,KINL,72.2,61.63625,Calm,4.615,0.5625,0,69.95833333333333,50.875,0.16,4300
27-017-7416,Fond Du Lac,2013-07-25,2013,7,31,NaN,4,46.70527,-92.52377,COQ,KINL,77.94,65.18458333333334,Calm,5.65,0.4375,0.5048,76.125,56.73458333333333,0.19,200
27-017-7416,Fond Du Lac,2013-07-25,2013,7,31,NaN,4,46.70527,-92.52377,COQ,KINL,78.05,65.20458333333333,Calm,5.6850000000000005,0.4375,0.5135000000000001,76.04166666666667,56.70625,0.19,200
27-017-7416,Fond Du Lac,2013-07-26,2013,7,15,NaN,5,46.70527,-92.52377,COQ,KINL,58.32,55.315,N,6.96,0.25,0.053700000000000005,86.91666666666667,51.346666666666664,0.31,200
27-017-7416,Fond Du Lac,2013-07-26,2013,7,15,NaN,5,46.70527,-92.52377,COQ,KINL,58.37,55.30041666666666,N,6.915,0.25,0.0526,86.95833333333333,51.347500000000004,0.31,200
27-017-7416,Fond Du Lac,2013-07-27,2013,7,23,NaN,6,46.70527,-92.52377,COQ,KINL,54.31,50.980000000000004,NW,10.34,0,0.0521,83.5,46.12166666666667,0.34,1e3
27-017-7416,Fond Du Lac,2013-07-27,2013,7,23,NaN,6,46.70527,-92.52377,COQ,KINL,54.28,50.94583333333333,NW,10.350000000000001,0,0.0506,83.58333333333333,46.10333333333333,0.34,1e3
27-017-7416,Fond Du Lac,2013-07-28,2013,7,26,NaN,0,46.70527,-92.52377,COQ,KINL,69.44,56.72625,NW,7.9799999999999995,0.125,0,74.33333333333333,48.115,0.23,1200
27-017-7416,Fond Du Lac,2013-07-28,2013,7,26,NaN,0,46.70527,-92.52377,COQ,KINL,69.5,56.687916666666666,NW,7.99,0.125,0,74.29166666666667,48.077083333333334,0.23,1200
27-017-7416,Fond Du Lac,2013-07-29,2013,7,32,NaN,1,46.70527,-92.52377,COQ,KINL,73.02,60.760416666666664,Calm,2.75,0.8125,0,69.91666666666667,49.562916666666666,0.07,4300
27-017-7416,Fond Du Lac,2013-07-29,2013,7,32,NaN,1,46.70527,-92.52377,COQ,KINL,73.01,60.752916666666664,Calm,2.775,0.8125,0,69.875,49.50125,0.08,4300
27-017-7416,Fond Du Lac,2013-07-30,2013,7,32,NaN,2,46.70527,-92.52377,COQ,KINL,70.07,63.619166666666665,Calm,5.02,0.25,0.0033,80.95833333333333,57.5675,0.34,900
27-017-7416,Fond Du Lac,2013-07-30,2013,7,32,NaN,2,46.70527,-92.52377,COQ,KINL,70.06,63.622083333333336,Calm,5.0649999999999995,0.25,0.003,80.95833333333333,57.555,0.35,900
27-017-7416,Fond Du Lac,2013-07-31,2013,7,34,NaN,3,46.70527,-92.52377,COQ,KINL,74.68,66.59416666666667,W,6.9350000000000005,0.0625,0.0416,66.33333333333333,53.36375,0.15,4800
27-017-7416,Fond Du Lac,2013-07-31,2013,7,34,NaN,3,46.70527,-92.52377,COQ,KINL,74.71,66.59833333333333,W,6.995,0.0625,0.0419,66.25,53.327083333333334,0.16,4800
27-017-7416,Fond Du Lac,2013-08-01,2013,8,31,NaN,4,46.70527,-92.52377,COQ,KINL,74.71,64.76916666666666,W,6.765000000000001,0.06666666666666667,0,62.166666666666664,50.42208333333333,0,5500
27-017-7416,Fond Du Lac,2013-08-01,2013,8,31,NaN,4,46.70527,-92.52377,COQ,KINL,74.73,64.775,W,6.785,0.06666666666666667,0,62.041666666666664,50.35166666666667,0,5500
27-017-7416,Fond Du Lac,2013-08-02,2013,8,29,NaN,5,46.70527,-92.52377,COQ,KINL,72.85,63.30833333333333,NW,5.855,0.06666666666666667,0.0015,64.66666666666667,49.499583333333334,0.02,300
27-017-7416,Fond Du Lac,2013-08-02,2013,8,29,NaN,5,46.70527,-92.52377,COQ,KINL,72.87,63.302083333333336,NW,5.875,0.06666666666666667,0.0014,64.66666666666667,49.440416666666664,0.02,300
27-017-7416,Fond Du Lac,2013-08-03,2013,8,30,NaN,6,46.70527,-92.52377,COQ,KINL,71.75,60.39458333333333,Calm,5.22,0.13333333333333333,0,65.70833333333333,47.69,0.02,7e3
27-017-7416,Fond Du Lac,2013-08-03,2013,8,30,NaN,6,46.70527,-92.52377,COQ,KINL,71.77,60.37291666666667,Calm,5.25,0.13333333333333333,0,65.66666666666667,47.63375,0.02,7e3
27-017-7416,Fond Du Lac,2013-08-04,2013,8,31,NaN,0,46.70527,-92.52377,COQ,KINL,71.27,59.31,Calm,2.815,0.8666666666666667,0,68.91666666666667,47.98166666666667,0.01,4200
27-017-7416,Fond Du Lac,2013-08-04,2013,8,31,NaN,0,46.70527,-92.52377,COQ,KINL,71.33,59.30166666666667,Calm,2.835,0.8,0,68.75,47.91,0.01,4200
27-017-7416,Fond Du Lac,2013-08-05,2013,8,26,NaN,1,46.70527,-92.52377,COQ,KINL,71.34,62.40416666666667,Calm,2.76,0.7333333333333333,0.31079999999999997,87.16666666666667,58.39083333333333,0.21,100
27-017-7416,Fond Du Lac,2013-08-05,2013,8,26,NaN,1,46.70527,-92.52377,COQ,KINL,71.38,62.389583333333334,Calm,2.775,0.6666666666666666,0.3145,87.125,58.392916666666665,0.21,100
27-017-7416,Fond Du Lac,2013-08-06,2013,8,28,NaN,2,46.70527,-92.52377,COQ,KINL,71.83,63.99916666666667,Calm,4.24,0.7333333333333333,0.0159,79.5,57.065416666666664,0.03,3700
27-017-7416,Fond Du Lac,2013-08-06,2013,8,28,NaN,2,46.70527,-92.52377,COQ,KINL,71.85,64.01125,Calm,4.305,0.7333333333333333,0.0141,79.375,57.03666666666667,0.03,3700
27-017-7416,Fond Du Lac,2013-08-07,2013,8,29,NaN,3,46.70527,-92.52377,COQ,KINL,71.7,62.91125,NW,8.684999999999999,0.06666666666666667,0,65.5,49.64625,0.01,800
27-017-7416,Fond Du Lac,2013-08-07,2013,8,29,NaN,3,46.70527,-92.52377,COQ,KINL,71.73,62.89208333333333,NW,8.77,0.06666666666666667,0,65.41666666666667,49.59166666666667,0.01,800
27-017-7416,Fond Du Lac,2013-08-08,2013,8,26,NaN,4,46.70527,-92.52377,COQ,KINL,70,59.6775,Calm,2.935,0.6666666666666666,0.0427,77.25,52.10041666666667,0.1,4800
27-017-7416,Fond Du Lac,2013-08-08,2013,8,26,NaN,4,46.70527,-92.52377,COQ,KINL,70,59.635416666666664,Calm,2.9450000000000003,0.6666666666666666,0.0434,77.33333333333333,52.07208333333333,0.1,4800
27-017-7416,Fond Du Lac,2013-08-09,2013,8,23,NaN,5,46.70527,-92.52377,COQ,KINL,67.55,60.031666666666666,W,6.2,0,0,69.83333333333333,49.48166666666667,0.12,4300
27-017-7416,Fond Du Lac,2013-08-09,2013,8,23,NaN,5,46.70527,-92.52377,COQ,KINL,67.59,60.01625,W,6.23,0,0,69.83333333333333,49.43333333333334,0.12,4300
27-017-7416,Fond Du Lac,2013-08-10,2013,8,25,NaN,6,46.70527,-92.52377,COQ,KINL,72.89,63.29625,Calm,2.94,0.9333333333333333,0,68.95833333333333,51.80166666666667,0.09,5e3
27-017-7416,Fond Du Lac,2013-08-10,2013,8,25,NaN,6,46.70527,-92.52377,COQ,KINL,72.91,63.28333333333333,Calm,2.94,0.9333333333333333,0,68.79166666666667,51.74625,0.09,5e3
27-017-7416,Fond Du Lac,2013-08-11,2013,8,29,NaN,0,46.70527,-92.52377,COQ,KINL,73.31,63.05041666666666,Calm,3.1799999999999997,0.8,0,70.41666666666667,52.23458333333333,0.03,6e3
27-017-7416,Fond Du Lac,2013-08-11,2013,8,29,NaN,0,46.70527,-92.52377,COQ,KINL,73.28,63.04291666666666,Calm,3.16,0.8,0,70.375,52.17875,0.03,6e3
27-017-7416,Fond Du Lac,2013-08-12,2013,8,33,NaN,1,46.70527,-92.52377,COQ,KINL,73.02,61.75625,Calm,5.380000000000001,0.26666666666666666,0.0086,71.58333333333333,51.46208333333333,0,6e3
27-017-7416,Fond Du Lac,2013-08-12,2013,8,33,NaN,1,46.70527,-92.52377,COQ,KINL,73.02,61.73833333333333,Calm,5.4399999999999995,0.26666666666666666,0.0088,71.45833333333333,51.41,0,6e3
27-017-7416,Fond Du Lac,2013-08-13,2013,8,33,NaN,2,46.70527,-92.52377,COQ,KINL,69.21,56.9375,Calm,4.59,0.5333333333333333,0,69.58333333333333,45.67875,0.04,4900
27-017-7416,Fond Du Lac,2013-08-13,2013,8,33,NaN,2,46.70527,-92.52377,COQ,KINL,69.27,56.91458333333333,Calm,4.625,0.4666666666666667,0,69.54166666666667,45.604166666666664,0.04,4900
27-017-7416,Fond Du Lac,2013-08-14,2013,8,32,NaN,3,46.70527,-92.52377,COQ,KINL,72.66,58.636250000000004,Calm,2.5300000000000002,0.8666666666666667,8e-4,67.16666666666667,46.01375,0.02,6500
27-017-7416,Fond Du Lac,2013-08-14,2013,8,32,NaN,3,46.70527,-92.52377,COQ,KINL,72.69,58.626666666666665,Calm,2.5599999999999996,0.8666666666666667,0,67.08333333333333,45.947916666666664,0.02,6500
27-017-7416,Fond Du Lac,2013-08-15,2013,8,49,NaN,4,46.70527,-92.52377,COQ,KINL,77.97,63.34375,Calm,3.775,0.6666666666666666,0,62.958333333333336,48.4325,0.01,5500
27-017-7416,Fond Du Lac,2013-08-15,2013,8,49,NaN,4,46.70527,-92.52377,COQ,KINL,78.07,63.36333333333334,Calm,3.8249999999999997,0.6666666666666666,0,62.75,48.33875,0.01,5500
27-017-7416,Fond Du Lac,2013-08-16,2013,8,46,NaN,5,46.70527,-92.52377,COQ,KINL,80.33,65.67166666666667,Calm,4.235,0.4666666666666667,0,65.54166666666667,52.34,0.01,5e3
27-017-7416,Fond Du Lac,2013-08-16,2013,8,46,NaN,5,46.70527,-92.52377,COQ,KINL,80.39,65.67791666666666,Calm,4.27,0.4666666666666667,0,65.33333333333333,52.26916666666666,0.01,5e3
27-017-7416,Fond Du Lac,2013-08-17,2013,8,55,NaN,6,46.70527,-92.52377,COQ,KINL,80.29,67.86166666666666,SW,6.88,0.06666666666666667,0,61.166666666666664,52.452083333333334,0,4e4
27-017-7416,Fond Du Lac,2013-08-17,2013,8,55,NaN,6,46.70527,-92.52377,COQ,KINL,80.35,67.89375,SW,6.890000000000001,0.06666666666666667,0,60.958333333333336,52.382083333333334,0,4e4
27-017-7416,Fond Du Lac,2013-08-18,2013,8,55,NaN,0,46.70527,-92.52377,COQ,KINL,80.42,69.25041666666667,SW,7.125,0,0,60.541666666666664,53.62375,0,5e3
27-017-7416,Fond Du Lac,2013-08-18,2013,8,55,NaN,0,46.70527,-92.52377,COQ,KINL,80.47,69.27583333333334,SW,7.11,0,0,60.458333333333336,53.557916666666664,0,5e3
27-017-7416,Fond Du Lac,2013-08-19,2013,8,50,NaN,1,46.70527,-92.52377,COQ,KINL,83.68,73.34583333333333,SW,7.59,0.2,0,66.41666666666667,61.07666666666667,0.01,3800
27-017-7416,Fond Du Lac,2013-08-19,2013,8,50,NaN,1,46.70527,-92.52377,COQ,KINL,83.71,73.36666666666666,SW,7.63,0.2,0,66.16666666666667,61.02458333333333,0.01,3800
27-017-7416,Fond Du Lac,2013-08-20,2013,8,61,NaN,2,46.70527,-92.52377,COQ,KINL,89.26,76.76333333333334,S,8.02,0.06666666666666667,0,72.08333333333333,66.09041666666667,0,3200
27-017-7416,Fond Du Lac,2013-08-20,2013,8,61,NaN,2,46.70527,-92.52377,COQ,KINL,89.33,76.7875,S,8.02,0.06666666666666667,0,71.95833333333333,66.05583333333334,0,3200
27-017-7416,Fond Du Lac,2013-08-21,2013,8,39,NaN,3,46.70527,-92.52377,COQ,KINL,86.86,75.92,NW,6.234999999999999,0.06666666666666667,0.013,66.66666666666667,61.61666666666667,0,600
27-017-7416,Fond Du Lac,2013-08-21,2013,8,39,NaN,3,46.70527,-92.52377,COQ,KINL,86.96,75.96,NW,6.220000000000001,0.06666666666666667,0.011699999999999999,66.45833333333333,61.5525,0,600
27-017-7416,Fond Du Lac,2013-08-22,2013,8,37,NaN,4,46.70527,-92.52377,COQ,KINL,78.48,68.13,Calm,5.0649999999999995,0.5333333333333333,0,48.208333333333336,46.15708333333333,0,11e3
27-017-7416,Fond Du Lac,2013-08-22,2013,8,37,NaN,4,46.70527,-92.52377,COQ,KINL,78.52,68.14416666666666,Calm,5.15,0.4666666666666667,0,47.958333333333336,46.007083333333334,0,11e3
27-017-7416,Fond Du Lac,2013-08-23,2013,8,35,NaN,5,46.70527,-92.52377,COQ,KINL,79.63,63.67916666666667,Calm,3.22,0.6,0,63.916666666666664,49.098333333333336,0,4e4
27-017-7416,Fond Du Lac,2013-08-23,2013,8,35,NaN,5,46.70527,-92.52377,COQ,KINL,79.73,63.682916666666664,Calm,3.21,0.6,0,63.666666666666664,48.95875,0,4e4
27-017-7416,Fond Du Lac,2013-08-24,2013,8,56,NaN,6,46.70527,-92.52377,COQ,KINL,86.28,74.07958333333333,Calm,9.3,0.2,0,69.29166666666667,62.52583333333333,0,3800
27-017-7416,Fond Du Lac,2013-08-24,2013,8,56,NaN,6,46.70527,-92.52377,COQ,KINL,86.41,74.09875,Calm,9.344999999999999,0.2,0,69.16666666666667,62.47375,0,3800
27-017-7416,Fond Du Lac,2013-08-25,2013,8,48,NaN,0,46.70527,-92.52377,COQ,KINL,90.62,82.48083333333334,SW,9.34,0.13333333333333333,0.0581,66.33333333333333,69.4775,0,3800
27-017-7416,Fond Du Lac,2013-08-25,2013,8,48,NaN,0,46.70527,-92.52377,COQ,KINL,90.64,82.50291666666666,SW,9.315,0.13333333333333333,0.0567,66.29166666666667,69.42625,0,3800
27-017-7416,Fond Du Lac,2013-08-26,2013,8,39,NaN,1,46.70527,-92.52377,COQ,KINL,88.79,76.95791666666666,Calm,3.375,0.6,0.25789999999999996,81.95833333333333,70.50541666666666,0.04,300
27-017-7416,Fond Du Lac,2013-08-26,2013,8,39,NaN,1,46.70527,-92.52377,COQ,KINL,88.96,77.00375,Calm,3.3499999999999996,0.6,0.2604,81.95833333333333,70.52041666666666,0.04,300
27-017-7416,Fond Du Lac,2013-08-27,2013,8,44,NaN,2,46.70527,-92.52377,COQ,KINL,82.11,72.52333333333333,Calm,3.3049999999999997,0.8666666666666667,0.5374,84.66666666666667,67.275,0.03,100
27-017-7416,Fond Du Lac,2013-08-27,2013,8,44,NaN,2,46.70527,-92.52377,COQ,KINL,82.26,72.55583333333334,Calm,3.275,0.8666666666666667,0.5493,84.66666666666667,67.28291666666667,0.03,100
27-017-7416,Fond Du Lac,2013-08-28,2013,8,27,NaN,3,46.70527,-92.52377,COQ,KINL,81.23,71.85166666666667,Calm,1.69,1,0,84.5,66.48958333333333,0,100
27-017-7416,Fond Du Lac,2013-08-28,2013,8,27,NaN,3,46.70527,-92.52377,COQ,KINL,81.29,71.87166666666667,Calm,1.705,1,0,84.45833333333333,66.49625,0,100
27-017-7416,Fond Du Lac,2013-08-30,2013,8,41,NaN,5,46.70527,-92.52377,COQ,KINL,78.42,70.71541666666667,E,7.475,0.06666666666666667,0,73.45833333333333,61.127916666666664,0.07,1500
27-017-7416,Fond Du Lac,2013-08-30,2013,8,41,NaN,5,46.70527,-92.52377,COQ,KINL,78.46,70.72208333333333,E,7.49,0.06666666666666667,0,73.33333333333333,61.065,0.07,1500
27-017-7416,Fond Du Lac,2013-08-31,2013,8,37,NaN,6,46.70527,-92.52377,COQ,KINL,82.12,68.63583333333334,Calm,4.945,0.3333333333333333,0.7236,80.83333333333333,61.697916666666664,0,100
27-017-7416,Fond Du Lac,2013-08-31,2013,8,37,NaN,6,46.70527,-92.52377,COQ,KINL,82.1,68.62916666666666,Calm,4.945,0.3333333333333333,0.7422,80.95833333333333,61.6875,0,100
27-017-7416,Fond Du Lac,2013-09-01,2013,9,17,NaN,0,46.70527,-92.52377,COQ,KINL,68.38,63.44541666666667,NW,9.934999999999999,0,0,80.91666666666667,57.28625,0.16,1100
27-017-7416,Fond Du Lac,2013-09-01,2013,9,17,NaN,0,46.70527,-92.52377,COQ,KINL,68.36,63.41,NW,9.995000000000001,0,0,80.91666666666667,57.27041666666667,0.16,1100
27-017-7416,Fond Du Lac,2013-09-02,2013,9,28,NaN,1,46.70527,-92.52377,COQ,KINL,64.32,55.78458333333333,N,5.880000000000001,0.3076923076923077,0,73.125,46.775,0.11,1200
27-017-7416,Fond Du Lac,2013-09-02,2013,9,28,NaN,1,46.70527,-92.52377,COQ,KINL,64.3,55.76416666666667,N,5.93,0.3076923076923077,0,73,46.73041666666666,0.11,1200
27-017-7416,Fond Du Lac,2013-09-03,2013,9,32,NaN,2,46.70527,-92.52377,COQ,KINL,76.82,60.42458333333333,Calm,6.84,0.15384615384615385,0.0011,70.91666666666667,49.659166666666664,0,4e4
27-017-7416,Fond Du Lac,2013-09-03,2013,9,32,NaN,2,46.70527,-92.52377,COQ,KINL,76.83,60.415416666666665,Calm,6.865,0.15384615384615385,0.001,70.83333333333333,49.60041666666667,0,4e4
27-017-7416,Fond Du Lac,2013-09-05,2013,9,26,NaN,4,46.70527,-92.52377,COQ,KINL,72.27,58.33208333333333,Calm,2.875,0.46153846153846156,0,74.91666666666667,49.33625,0,500
27-017-7416,Fond Du Lac,2013-09-05,2013,9,26,NaN,4,46.70527,-92.52377,COQ,KINL,72.32,58.315,Calm,2.885,0.46153846153846156,0,74.95833333333333,49.291666666666664,0,500
27-017-7416,Fond Du Lac,2013-09-06,2013,9,50,NaN,5,46.70527,-92.52377,COQ,KINL,87.13,71.79916666666666,Calm,4.6899999999999995,0.23076923076923078,0,72.875,61.647083333333335,0,5e3
27-017-7416,Fond Du Lac,2013-09-06,2013,9,50,NaN,5,46.70527,-92.52377,COQ,KINL,87.21,71.835,Calm,4.73,0.23076923076923078,0,72.75,61.625416666666666,0,5e3
27-017-7416,Fond Du Lac,2013-09-07,2013,9,30,NaN,6,46.70527,-92.52377,COQ,KINL,82.06,70.27666666666667,Calm,5.375,0.38461538461538464,0,78.41666666666667,62.8225,0,1300
27-017-7416,Fond Du Lac,2013-09-07,2013,9,30,NaN,6,46.70527,-92.52377,COQ,KINL,82.22,70.29625,Calm,5.39,0.38461538461538464,0,78.41666666666667,62.799166666666665,0,1300
27-017-7416,Fond Du Lac,2013-09-08,2013,9,18,NaN,0,46.70527,-92.52377,COQ,KINL,63.78,59.172916666666666,E,6.555,0,0.0085,85.08333333333333,54.50833333333333,0.06,300
27-017-7416,Fond Du Lac,2013-09-08,2013,9,18,NaN,0,46.70527,-92.52377,COQ,KINL,63.8,59.163333333333334,E,6.6,0,0.0068000000000000005,85.125,54.50666666666667,0.06,300
27-017-7416,Fond Du Lac,2013-09-09,2013,9,8,NaN,1,46.70527,-92.52377,COQ,KINL,64.53,61.88166666666667,Calm,3.355,0.6153846153846154,0.1105,92.45833333333333,59.66708333333333,0,200
27-017-7416,Fond Du Lac,2013-09-09,2013,9,8,NaN,1,46.70527,-92.52377,COQ,KINL,64.46,61.834583333333335,Calm,3.325,0.6153846153846154,0.1077,92.45833333333333,59.62708333333333,0,200
27-017-7416,Fond Du Lac,2013-09-10,2013,9,28,NaN,2,46.70527,-92.52377,COQ,KINL,76.42,67.46458333333334,W,7.3149999999999995,0,0,82.66666666666667,61.61083333333333,0.07,200
27-017-7416,Fond Du Lac,2013-09-10,2013,9,28,NaN,2,46.70527,-92.52377,COQ,KINL,76.47,67.46166666666666,W,7.380000000000001,0,0,82.625,61.596666666666664,0.07,200
27-017-7416,Fond Du Lac,2013-09-11,2013,9,29,NaN,3,46.70527,-92.52377,COQ,KINL,75.18,65.06,NW,6.46,0.15384615384615385,0.0058,71.625,53.996249999999996,0.01,7e3
27-017-7416,Fond Du Lac,2013-09-11,2013,9,29,NaN,3,46.70527,-92.52377,COQ,KINL,75.16,65.05291666666666,NW,6.505,0.15384615384615385,0.0053,71.625,53.94833333333334,0.01,7e3
27-017-7416,Fond Du Lac,2013-09-12,2013,9,26,NaN,4,46.70527,-92.52377,COQ,KINL,64.33,55.84708333333333,NW,7.18,0.15384615384615385,0,72.95833333333333,46.295833333333334,0.05,300
27-017-7416,Fond Du Lac,2013-09-12,2013,9,26,NaN,4,46.70527,-92.52377,COQ,KINL,64.3,55.819583333333334,NW,7.215,0.15384615384615385,0,73,46.2425,0.05,300
27-017-7416,Fond Du Lac,2013-09-13,2013,9,23,NaN,5,46.70527,-92.52377,COQ,KINL,64.36,51.78916666666667,Calm,2.6849999999999996,0.9230769230769231,0,72.375,42.08583333333333,0.01,4400
27-017-7416,Fond Du Lac,2013-09-13,2013,9,23,NaN,5,46.70527,-92.52377,COQ,KINL,64.33,51.77291666666667,Calm,2.71,0.9230769230769231,0,72.20833333333333,42.035,0.01,4400
27-017-7416,Fond Du Lac,2013-09-14,2013,9,28,NaN,6,46.70527,-92.52377,COQ,KINL,67.96,55.845,SW,7.605,0.07692307692307693,0.192,76.95833333333333,48.247083333333336,0.03,3100
27-017-7416,Fond Du Lac,2013-09-14,2013,9,28,NaN,6,46.70527,-92.52377,COQ,KINL,67.96,55.827083333333334,SW,7.645,0.07692307692307693,0.1926,77.04166666666667,48.22083333333333,0.03,3100
27-017-7416,Fond Du Lac,2013-09-15,2013,9,11,NaN,0,46.70527,-92.52377,COQ,KINL,55.31,52.05416666666667,Calm,3.605,0.3076923076923077,0.0195,88.16666666666667,48.569583333333334,0.22,600
27-017-7416,Fond Du Lac,2013-09-15,2013,9,11,NaN,0,46.70527,-92.52377,COQ,KINL,55.28,52.01916666666666,Calm,3.585,0.3076923076923077,0.0196,88.25,48.575,0.22,600
27-017-7416,Fond Du Lac,2013-09-16,2013,9,21,NaN,1,46.70527,-92.52377,COQ,KINL,61.2,47.39458333333334,Calm,2.8449999999999998,0.7692307692307693,0,79.625,40.299166666666665,0.01,100
27-017-7416,Fond Du Lac,2013-09-16,2013,9,21,NaN,1,46.70527,-92.52377,COQ,KINL,61.17,47.3625,Calm,2.855,0.7692307692307693,0,79.625,40.27875,0.01,100
27-017-7416,Fond Du Lac,2013-09-17,2013,9,36,NaN,2,46.70527,-92.52377,COQ,KINL,65.9,53.979166666666664,S,6.71,0,0,71.125,44.080416666666665,0,1300
27-017-7416,Fond Du Lac,2013-09-17,2013,9,36,NaN,2,46.70527,-92.52377,COQ,KINL,65.92,54.002916666666664,S,6.73,0,0,71.04166666666667,44.05458333333333,0,1300
27-017-7416,Fond Du Lac,2013-09-18,2013,9,10,NaN,3,46.70527,-92.52377,COQ,KINL,62.56,59.195,Calm,5.04,0.5384615384615384,8e-4,93.20833333333333,57.21666666666667,0.6,100
27-017-7416,Fond Du Lac,2013-09-18,2013,9,10,NaN,3,46.70527,-92.52377,COQ,KINL,62.6,59.21333333333333,Calm,5.035,0.5384615384615384,0,93.20833333333333,57.24208333333333,0.6,100
27-017-7416,Fond Du Lac,2013-09-19,2013,9,12,NaN,4,46.70527,-92.52377,COQ,KINL,65.15,62.69875,Calm,5.21,0.6923076923076923,0.4051,94.66666666666667,61.14333333333333,0.1,100
27-017-7416,Fond Du Lac,2013-09-19,2013,9,12,NaN,4,46.70527,-92.52377,COQ,KINL,65.24,62.7425,Calm,5.195,0.6923076923076923,0.4126,94.66666666666667,61.204166666666666,0.1,100
27-017-7416,Fond Du Lac,2013-09-20,2013,9,16,NaN,5,46.70527,-92.52377,COQ,KINL,60.94,55.791666666666664,NW,8.96,0,0.0059,80.04166666666667,49.435833333333335,0.18,600
27-017-7416,Fond Du Lac,2013-09-20,2013,9,16,NaN,5,46.70527,-92.52377,COQ,KINL,60.96,55.775416666666665,NW,9.01,0,0.0054,80.04166666666667,49.43125,0.18,600
27-017-7416,Fond Du Lac,2013-09-21,2013,9,27,NaN,6,46.70527,-92.52377,COQ,KINL,59.21,49.82458333333334,NW,6.51,0.3076923076923077,0,69.33333333333333,39.549166666666665,0.04,1600
27-017-7416,Fond Du Lac,2013-09-21,2013,9,27,NaN,6,46.70527,-92.52377,COQ,KINL,59.19,49.79125,NW,6.515000000000001,0.3076923076923077,0,69.375,39.51,0.04,1600
27-017-7416,Fond Du Lac,2013-09-22,2013,9,25,NaN,0,46.70527,-92.52377,COQ,KINL,60.73,49.4975,E,7.975,0.07692307692307693,0,76.25,41.915416666666665,0,4e4
27-017-7416,Fond Du Lac,2013-09-22,2013,9,25,NaN,0,46.70527,-92.52377,COQ,KINL,60.74,49.46666666666667,E,7.935,0.07692307692307693,0,76.29166666666667,41.89333333333333,0,4e4
27-017-7416,Fond Du Lac,2013-09-23,2013,9,34,NaN,1,46.70527,-92.52377,COQ,KINL,67.46,56.385416666666664,SE,5.915,0.07692307692307693,0,73.41666666666667,47.36333333333333,0,4e4
27-017-7416,Fond Du Lac,2013-09-23,2013,9,34,NaN,1,46.70527,-92.52377,COQ,KINL,67.5,56.35791666666667,SE,5.925,0.07692307692307693,0,73.33333333333333,47.31041666666667,0,4e4
27-017-7416,Fond Du Lac,2013-09-24,2013,9,36,NaN,2,46.70527,-92.52377,COQ,KINL,68.99,56.40291666666666,Calm,3.35,0.46153846153846156,0,78.375,49.22083333333333,0,4e4
27-017-7416,Fond Du Lac,2013-09-24,2013,9,36,NaN,2,46.70527,-92.52377,COQ,KINL,69.07,56.405,Calm,3.3200000000000003,0.46153846153846156,0,78.20833333333333,49.20125,0,4e4
27-017-7416,Fond Du Lac,2013-09-26,2013,9,36,NaN,4,46.70527,-92.52377,COQ,KINL,65.67,57.212916666666665,E,6.67,0.07692307692307693,0,85.41666666666667,52.638333333333335,0,100
27-017-7416,Fond Du Lac,2013-09-26,2013,9,36,NaN,4,46.70527,-92.52377,COQ,KINL,65.68,57.17958333333333,E,6.655,0.07692307692307693,0,85.41666666666667,52.607083333333335,0,100
27-017-7416,Fond Du Lac,2013-09-27,2013,9,47,NaN,5,46.70527,-92.52377,COQ,KINL,71.57,62.9125,E,6.2,0,0.009300000000000001,81.95833333333333,57.11875,0,5e3
27-017-7416,Fond Du Lac,2013-09-27,2013,9,47,NaN,5,46.70527,-92.52377,COQ,KINL,71.61,62.88625,E,6.18,0,0.0087,81.91666666666667,57.10166666666667,0,5e3
27-017-7416,Fond Du Lac,2013-09-28,2013,9,30,NaN,6,46.70527,-92.52377,COQ,KINL,71.58,60.32458333333334,SE,9.395,0,0.1487,76,52.3825,0.07,700
27-017-7416,Fond Du Lac,2013-09-28,2013,9,30,NaN,6,46.70527,-92.52377,COQ,KINL,71.61,60.306666666666665,SE,9.344999999999999,0,0.1476,76.08333333333333,52.35375,0.07,700
27-017-7416,Fond Du Lac,2013-09-29,2013,9,29,NaN,0,46.70527,-92.52377,COQ,KINL,69.83,55.48291666666667,SW,6.369999999999999,0.07692307692307693,0,67.95833333333333,43.589166666666664,0,4e4
27-017-7416,Fond Du Lac,2013-09-29,2013,9,29,NaN,0,46.70527,-92.52377,COQ,KINL,69.84,55.46958333333333,SW,6.345000000000001,0.07692307692307693,0,67.91666666666667,43.53,0,4e4
27-017-7416,Fond Du Lac,2013-09-30,2013,9,42,NaN,1,46.70527,-92.52377,COQ,KINL,71.76,62.65833333333333,S,8.985,0.07692307692307693,0,59.208333333333336,47.93416666666667,0,4e4
27-017-7416,Fond Du Lac,2013-09-30,2013,9,42,NaN,1,46.70527,-92.52377,COQ,KINL,71.78,62.64125,S,8.985,0.07692307692307693,0,59.166666666666664,47.875,0,4e4
27-017-7416,Fond Du Lac,2013-10-01,2013,10,34,NaN,2,46.70527,-92.52377,COQ,KINL,70.02,61.924166666666665,W,6.965,0,0,50.25,41.19833333333333,0,4e4
27-017-7416,Fond Du Lac,2013-10-01,2013,10,34,NaN,2,46.70527,-92.52377,COQ,KINL,70.02,61.92375,W,6.970000000000001,0,0,50.125,41.08,0,4e4
27-017-7416,Fond Du Lac,2013-10-02,2013,10,30,NaN,3,46.70527,-92.52377,COQ,KINL,71.25,55.354166666666664,Calm,5.245,0.5833333333333334,0.11410000000000001,62.083333333333336,40.565416666666664,0.05,5e3
27-017-7416,Fond Du Lac,2013-10-02,2013,10,30,NaN,3,46.70527,-92.52377,COQ,KINL,71.32,55.392916666666665,Calm,5.22,0.5833333333333334,0.1128,61.833333333333336,40.45375,0.05,5e3
27-017-7416,Fond Du Lac,2013-10-03,2013,10,33,NaN,4,46.70527,-92.52377,COQ,KINL,55.37,52.88,NE,10.215,0,0.1227,85.375,48.60375,0.18,700
27-017-7416,Fond Du Lac,2013-10-03,2013,10,33,NaN,4,46.70527,-92.52377,COQ,KINL,55.34,52.86833333333333,NE,10.254999999999999,0,0.1213,85.33333333333333,48.56166666666667,0.19,700
27-017-7416,Fond Du Lac,2013-10-04,2013,10,19,NaN,5,46.70527,-92.52377,COQ,KINL,54.29,52.00375,NE,15.725,0,0.019200000000000002,81.5,46.46125,0.57,1100
27-017-7416,Fond Du Lac,2013-10-04,2013,10,19,NaN,5,46.70527,-92.52377,COQ,KINL,54.26,51.97666666666667,NE,15.73,0,0.019299999999999998,81.41666666666667,46.42125,0.57,1100
27-017-7416,Fond Du Lac,2013-10-05,2013,10,18,NaN,6,46.70527,-92.52377,COQ,KINL,49.06,47.8475,E,19.46,0,0.7992,94.25,46.276666666666664,1,400
27-017-7416,Fond Du Lac,2013-10-05,2013,10,18,NaN,6,46.70527,-92.52377,COQ,KINL,48.97,47.80125,E,19.54,0,0.8066,94.29166666666667,46.25333333333333,1,400
27-017-7416,Fond Du Lac,2013-10-06,2013,10,13,NaN,0,46.70527,-92.52377,COQ,KINL,50.29,46.90708333333333,NW,8.505,0,0.0524,91.25,44.46541666666667,0.3,400
27-017-7416,Fond Du Lac,2013-10-06,2013,10,13,NaN,0,46.70527,-92.52377,COQ,KINL,50.27,46.88041666666667,NW,8.55,0,0.0523,91.29166666666667,44.45333333333333,0.3,400
27-017-7416,Fond Du Lac,2013-10-07,2013,10,26,NaN,1,46.70527,-92.52377,COQ,KINL,61.03,48.122083333333336,Calm,6.135,0,0,73,38.70041666666667,0,4e4
27-017-7416,Fond Du Lac,2013-10-07,2013,10,26,NaN,1,46.70527,-92.52377,COQ,KINL,61.02,48.094166666666666,W,6.13,0,0,72.91666666666667,38.654583333333335,0,4e4
27-017-7416,Fond Du Lac,2013-10-08,2013,10,40,NaN,2,46.70527,-92.52377,COQ,KINL,71.41,57.44125,S,8.03,0.16666666666666666,0,57.666666666666664,41.129583333333336,0,4e4
27-017-7416,Fond Du Lac,2013-10-08,2013,10,40,NaN,2,46.70527,-92.52377,COQ,KINL,71.46,57.47666666666667,S,8.05,0.16666666666666666,0,57.541666666666664,41.02875,0,4e4
27-017-7416,Fond Du Lac,2013-10-09,2013,10,39,NaN,3,46.70527,-92.52377,COQ,KINL,71.77,61.31875,S,7.994999999999999,0,0,62.208333333333336,47.819583333333334,0,4e4
27-017-7416,Fond Du Lac,2013-10-09,2013,10,39,NaN,3,46.70527,-92.52377,COQ,KINL,71.79,61.32041666666667,S,8.004999999999999,0,0,62.125,47.774166666666666,0,4e4
27-017-7416,Fond Du Lac,2013-10-10,2013,10,40,NaN,4,46.70527,-92.52377,COQ,KINL,70.12,57.41791666666667,Calm,4.654999999999999,0.4166666666666667,0,68.375,46.5,0,4e4
27-017-7416,Fond Du Lac,2013-10-10,2013,10,40,NaN,4,46.70527,-92.52377,COQ,KINL,70.27,57.4325,Calm,4.654999999999999,0.4166666666666667,0,68.08333333333333,46.43125,0,4e4
27-017-7416,Fond Du Lac,2013-10-11,2013,10,39,NaN,5,46.70527,-92.52377,COQ,KINL,70.32,60.31375,E,8.615,0,0.0161,68.54166666666667,49.59166666666667,0.03,4200
27-017-7416,Fond Du Lac,2013-10-11,2013,10,39,NaN,5,46.70527,-92.52377,COQ,KINL,70.45,60.30291666666667,E,8.61,0,0.0143,68.45833333333333,49.53,0.03,4200
27-017-7416,Fond Du Lac,2013-10-12,2013,10,21,NaN,6,46.70527,-92.52377,COQ,KINL,66.77,52.26375,SW,13.16,0,0.0376,77.125,45.035000000000004,0.28,1100
27-017-7416,Fond Du Lac,2013-10-12,2013,10,21,NaN,6,46.70527,-92.52377,COQ,KINL,66.9,52.23875,SW,13.145,0,0.0367,77.125,45.01125,0.28,1100
27-017-7416,Fond Du Lac,2013-10-13,2013,10,26,NaN,0,46.70527,-92.52377,COQ,KINL,55.3,45.5,W,6.390000000000001,0.25,0,69.58333333333333,34.7225,0.02,4e3
27-017-7416,Fond Du Lac,2013-10-13,2013,10,26,NaN,0,46.70527,-92.52377,COQ,KINL,55.27,45.46375,W,6.359999999999999,0.25,0,69.625,34.67375,0.02,4e3
27-017-7416,Fond Du Lac,2013-10-14,2013,10,25,NaN,1,46.70527,-92.52377,COQ,KINL,50.09,43.004583333333336,Calm,3.91,0.6666666666666666,0.0528,80.375,37.162083333333335,0.05,4100
27-017-7416,Fond Du Lac,2013-10-14,2013,10,25,NaN,1,46.70527,-92.52377,COQ,KINL,50.09,42.96625,Calm,3.8,0.6666666666666666,0.0518,80.41666666666667,37.13,0.05,4100
27-017-7416,Fond Du Lac,2013-10-15,2013,10,25,NaN,2,46.70527,-92.52377,COQ,KINL,46.47,45.7375,NE,15.23,0,0.4315,92.66666666666667,43.695,1,700
27-017-7416,Fond Du Lac,2013-10-15,2013,10,25,NaN,2,46.70527,-92.52377,COQ,KINL,46.44,45.71666666666667,NE,15.235,0,0.4282,92.70833333333333,43.68666666666667,1,700
27-017-7416,Fond Du Lac,2013-10-16,2013,10,30,NaN,3,46.70527,-92.52377,COQ,KINL,53.75,43.94583333333333,Calm,5.88,0.4166666666666667,0,73,35.15625,0.09,700
27-017-7416,Fond Du Lac,2013-10-16,2013,10,30,NaN,3,46.70527,-92.52377,COQ,KINL,53.77,43.92,Calm,5.9350000000000005,0.4166666666666667,0,73,35.120416666666664,0.09,700
27-017-7416,Fond Du Lac,2013-10-17,2013,10,17,NaN,4,46.70527,-92.52377,COQ,KINL,46.38,41.145833333333336,Calm,3.25,0.9166666666666666,0.0847,90.79166666666667,38.67333333333333,0.2,500
27-017-7416,Fond Du Lac,2013-10-17,2013,10,17,NaN,4,46.70527,-92.52377,COQ,KINL,46.35,41.11333333333333,Calm,3.215,0.9166666666666666,0.0844,90.91666666666667,38.665416666666665,0.2,500
27-017-7416,Fond Du Lac,2013-10-22,2013,10,24,NaN,2,46.70527,-92.52377,COQ,KINL,34.95,32.615833333333335,NW,5.93,0.08333333333333333,0,77.75,26.213333333333335,0.16,1300
27-017-7416,Fond Du Lac,2013-10-22,2013,10,24,NaN,2,46.70527,-92.52377,COQ,KINL,34.86,32.55291666666667,NW,5.9399999999999995,0.08333333333333333,0,77.79166666666667,26.16583333333333,0.16,1300
27-017-7416,Fond Du Lac,2013-10-23,2013,10,25,NaN,3,46.70527,-92.52377,COQ,KINL,35.96,32.202083333333334,NW,8.1,0,0,73.83333333333333,24.393333333333334,0.37,2200
27-017-7416,Fond Du Lac,2013-10-23,2013,10,25,NaN,3,46.70527,-92.52377,COQ,KINL,35.98,32.15708333333333,NW,8.115,0,0,73.875,24.35875,0.37,2200
27-017-7416,Fond Du Lac,2013-10-24,2013,10,22,NaN,4,46.70527,-92.52377,COQ,KINL,39.47,34.13458333333333,W,7.57,0,0,75.70833333333333,27.090416666666666,0.19,1400
27-017-7416,Fond Du Lac,2013-10-24,2013,10,22,NaN,4,46.70527,-92.52377,COQ,KINL,39.44,34.07,W,7.57,0,0,75.83333333333333,27.063333333333333,0.19,1400
27-017-7416,Fond Du Lac,2013-10-25,2013,10,24,NaN,5,46.70527,-92.52377,COQ,KINL,48.53,37.873333333333335,SW,9.754999999999999,0.08333333333333333,0,72.33333333333333,29.15125,0.01,5e3
27-017-7416,Fond Du Lac,2013-10-25,2013,10,24,NaN,5,46.70527,-92.52377,COQ,KINL,48.48,37.8175,SW,9.74,0.08333333333333333,0,72.41666666666667,29.102083333333333,0.01,5e3
27-017-7416,Fond Du Lac,2013-10-26,2013,10,19,NaN,6,46.70527,-92.52377,COQ,KINL,45.96,39.50625,NW,10.535,0,0,69.79166666666667,30.258333333333333,0.32,1700
27-017-7416,Fond Du Lac,2013-10-26,2013,10,19,NaN,6,46.70527,-92.52377,COQ,KINL,45.96,39.464166666666664,NW,10.49,0,0,69.79166666666667,30.23125,0.32,1700
27-017-7416,Fond Du Lac,2013-10-27,2013,10,25,NaN,0,46.70527,-92.52377,COQ,KINL,48.15,37.71458333333333,N,8.51,0,0,67.5,27.4175,0.02,4100
27-017-7416,Fond Du Lac,2013-10-27,2013,10,25,NaN,0,46.70527,-92.52377,COQ,KINL,48.13,37.6725,N,8.465,0,0,67.5,27.369583333333335,0.02,4100
27-017-7416,Fond Du Lac,2013-10-28,2013,10,26,NaN,1,46.70527,-92.52377,COQ,KINL,34.72,29.839166666666667,NE,6.26,0.08333333333333333,0,67.08333333333333,20.117083333333333,0.03,3e3
27-017-7416,Fond Du Lac,2013-10-28,2013,10,26,NaN,1,46.70527,-92.52377,COQ,KINL,34.65,29.790416666666665,NE,6.234999999999999,0.08333333333333333,0,67.16666666666667,20.070833333333333,0.03,3e3
27-017-7416,Fond Du Lac,2013-10-29,2013,10,21,NaN,2,46.70527,-92.52377,COQ,KINL,34.13,29.396250000000002,Calm,2.52,0.9166666666666666,0.0095,85.08333333333333,25.36541666666667,0.13,300
27-017-7416,Fond Du Lac,2013-10-29,2013,10,21,NaN,2,46.70527,-92.52377,COQ,KINL,34.13,29.34125,Calm,2.535,0.9166666666666666,0.009600000000000001,85.16666666666667,25.334166666666665,0.13,300
